,llm,female,male,neutral
0,llama_2_13b,0.449438202247191,0.398876404494382,0.15168539325842698
1,llama_2_70b,0.4176470588235294,0.5705882352941176,0.011764705882352941
2,llama_2_7b,0.2754491017964072,0.47904191616766467,0.24550898203592814
3,llama_3_70b,0.28,0.5714285714285714,0.14857142857142858
4,llama_3_8b,0.5277777777777778,0.42777777777777776,0.044444444444444446
