,llm,female,male,neutral
0,llama_2_13b,0.34210526315789475,0.3157894736842105,0.34210526315789475
1,llama_2_70b,0.45454545454545453,0.43434343434343436,0.1111111111111111
2,llama_2_7b,0.20238095238095238,0.36904761904761907,0.42857142857142855
3,llama_3_70b,0.32222222222222224,0.32222222222222224,0.35555555555555557
4,llama_3_8b,0.36,0.36,0.28
